DateTime,DAP,Lp,Lm
01/02/2020 00:00,26.03,0.891279293,1
01/02/2020 01:00,24.91,0.660377358,1
01/02/2020 02:00,22,0.496363636,1
01/02/2020 03:00,20.5,0.009268293,1
01/02/2020 04:00,18.69,0.005350455,1
01/02/2020 05:00,20.83,0.005280845,1
01/02/2020 06:00,23.6,0.021610169,1
01/02/2020 07:00,25.51,0.003920031,1
01/02/2020 08:00,25.99,1,1.419392074
01/02/2020 09:00,30.1,1,1.307973422
01/02/2020 10:00,32.21,1,1.360136604
01/02/2020 11:00,32.21,1,1.283141881
01/02/2020 12:00,30,1,1.061
01/02/2020 13:00,29.1,1,1.173883162
01/02/2020 14:00,27.8,0.171582734,1
01/02/2020 15:00,26.13,0.188289323,1
01/02/2020 16:00,28.27,0.522461974,1
01/02/2020 17:00,30.03,0.662337662,1
01/02/2020 18:00,36.63,0.686868687,1
01/02/2020 19:00,39.63,0.734292203,1
01/02/2020 20:00,40.1,1,1.135910224
01/02/2020 21:00,39.83,1,1.129801657
01/02/2020 22:00,38.25,0.634771242,1
01/02/2020 23:00,33.21,0.89701897,1
02/02/2020 00:00,30.37,1,1.003292723
02/02/2020 01:00,24.91,1,1.295463669
02/02/2020 02:00,19.5,1,1.737948718
02/02/2020 03:00,14.71,1,2.277362339
02/02/2020 04:00,11,1,1.25
02/02/2020 05:00,14,0.5,1
02/02/2020 06:00,20.45,0.376528117,1
02/02/2020 07:00,21.52,1,1.25
02/02/2020 08:00,22,1,1.742272727
02/02/2020 09:00,25.51,0.286946296,1
02/02/2020 10:00,28.03,0.78487335,1
02/02/2020 11:00,29.23,0.054738283,1
02/02/2020 12:00,28.03,1,1.138066357
02/02/2020 13:00,27.51,0.636132316,1
02/02/2020 14:00,27,0.311851852,1
02/02/2020 15:00,23.49,0.22605364,1
02/02/2020 16:00,25.01,0.046381447,1
02/02/2020 17:00,29.97,0.047380714,1
02/02/2020 18:00,35.02,0.444031982,1
02/02/2020 19:00,42.61,0.720018775,1
02/02/2020 20:00,45.19,0.730250055,1
02/02/2020 21:00,45.17,0.752711977,1
02/02/2020 22:00,42.02,0.7039505,1
02/02/2020 23:00,36.08,0.819013304,1
03/02/2020 00:00,39.2,0.766836735,1
03/02/2020 01:00,30,1,1.163
03/02/2020 02:00,27,1,1.255185185
03/02/2020 03:00,26.49,1,1.132502831
03/02/2020 04:00,27,0.855925926,1
03/02/2020 05:00,30,0.733333333,1
03/02/2020 06:00,39.2,0.544387755,1
03/02/2020 07:00,42.61,0.737620277,1
03/02/2020 08:00,45.13,0.753379127,1
03/02/2020 09:00,44.61,0.663080027,1
03/02/2020 10:00,43.62,0.68088033,1
03/02/2020 11:00,43.61,0.682641596,1
03/02/2020 12:00,42.83,0.700677095,1
03/02/2020 13:00,42.47,0.707558276,1
03/02/2020 14:00,42.14,0.70170859,1
03/02/2020 15:00,42.03,0.685462765,1
03/02/2020 16:00,42.27,0.670688432,1
03/02/2020 17:00,42.71,0.662140014,1
03/02/2020 18:00,44.57,0.595916536,1
03/02/2020 19:00,49.98,0.723289316,1
03/02/2020 20:00,50.77,0.748473508,1
03/02/2020 21:00,50,0.7572,1
03/02/2020 22:00,44.99,0.7799511,1
03/02/2020 23:00,42.61,0.709927247,1
04/02/2020 00:00,41.01,0.736405755,1
04/02/2020 01:00,35.91,0.842940685,1
04/02/2020 02:00,32.19,1,1.336750544
04/02/2020 03:00,30.8,1,1.068506494
04/02/2020 04:00,30.23,1,1.174330136
04/02/2020 05:00,30.53,1,1.270881101
04/02/2020 06:00,37.91,1,1.155367977
04/02/2020 07:00,42.25,1,1.045680473
04/02/2020 08:00,43.5,1,1.029885057
04/02/2020 09:00,43.17,0.78758397,1
04/02/2020 10:00,42.27,0.721551928,1
04/02/2020 11:00,41.07,0.742634526,1
04/02/2020 12:00,40.07,1,1.0856002
04/02/2020 13:00,38,1,1.123684211
04/02/2020 14:00,33.01,1,1.047561345
04/02/2020 15:00,30.53,0.98427776,1
04/02/2020 16:00,33.01,0.91305665,1
04/02/2020 17:00,39.92,0.649799599,1
04/02/2020 18:00,41.3,0.640920097,1
04/02/2020 19:00,42.45,0.711896349,1
04/02/2020 20:00,42.83,0.765117908,1
04/02/2020 21:00,42.25,0.608284024,1
04/02/2020 22:00,40.01,0.64283929,1
04/02/2020 23:00,33.5,0.145074627,1
05/02/2020 00:00,27.1,0.386346863,1
05/02/2020 01:00,25,0.1256,1
05/02/2020 02:00,24.43,0.076135898,1
05/02/2020 03:00,23.63,0.115954295,1
05/02/2020 04:00,24.83,0.119210632,1
05/02/2020 05:00,26.62,0.11269722,1
05/02/2020 06:00,35,0.484571429,1
05/02/2020 07:00,41.14,0.695187166,1
05/02/2020 08:00,43.5,0.853793103,1
05/02/2020 09:00,42.14,0.809444708,1
05/02/2020 10:00,41.37,0.681653372,1
05/02/2020 11:00,40,0.804,1
05/02/2020 12:00,37.07,1,1.159158349
05/02/2020 13:00,36.39,1,1.1786205
05/02/2020 14:00,35.17,1,1.208416264
05/02/2020 15:00,37.13,0.748990035,1
05/02/2020 16:00,40.25,0.722484472,1
05/02/2020 17:00,42.19,1,1.08793553
05/02/2020 18:00,45.38,1,1.044072279
05/02/2020 19:00,45.66,0.722733246,1
05/02/2020 20:00,45.01,0.733170407,1
05/02/2020 21:00,43.51,1,1
05/02/2020 22:00,40.82,0.640127389,1
05/02/2020 23:00,40.34,1,1.041398116
06/02/2020 00:00,35,1,1.225142857
06/02/2020 01:00,30.31,1,1.16265259
06/02/2020 02:00,28.15,0.905861456,1
06/02/2020 03:00,26.95,0.834879406,1
06/02/2020 04:00,26,1,1.355769231
06/02/2020 05:00,28,1,1
06/02/2020 06:00,33,0.759090909,1
06/02/2020 07:00,43.15,0.60811124,1
06/02/2020 08:00,44.51,0.663446417,1
06/02/2020 09:00,44.8,0.549553571,1
06/02/2020 10:00,42.38,1,1.008966494
06/02/2020 11:00,40.81,1,1.053908356
06/02/2020 12:00,39.25,1,1.017070064
06/02/2020 13:00,38.01,1,1.052880821
06/02/2020 14:00,37.94,1,1.048761202
06/02/2020 15:00,38.06,1,1.093273778
06/02/2020 16:00,39.09,1,1.059350217
06/02/2020 17:00,42.51,1,1.036462009
06/02/2020 18:00,46.83,1,1.01665599
06/02/2020 19:00,47.21,1,1.009743698
06/02/2020 20:00,45.95,1,1.030903156
06/02/2020 21:00,45.47,1,1.018033868
06/02/2020 22:00,42.71,1,1.023881995
06/02/2020 23:00,41.21,1,1.035913613
07/02/2020 00:00,41.21,1,1.049502548
07/02/2020 01:00,37.05,0.779757085,1
07/02/2020 02:00,32.19,0.761105934,1
07/02/2020 03:00,30.55,0.85106383,1
07/02/2020 04:00,30.55,1,1.133878887
07/02/2020 05:00,35.55,1,1.054008439
07/02/2020 06:00,40.09,1,1.101272138
07/02/2020 07:00,44.8,1,1.055803571
07/02/2020 08:00,48.11,1,1.013302848
07/02/2020 09:00,47,1,1.029574468
07/02/2020 10:00,43.01,1,1.049058359
07/02/2020 11:00,41.75,1,1.104431138
07/02/2020 12:00,40.5,1,1.17308642
07/02/2020 13:00,38.88,1,1.157664609
07/02/2020 14:00,37.7,1,1.197612732
07/02/2020 15:00,36.55,1,1.220793434
07/02/2020 16:00,37.51,1,1.124233538
07/02/2020 17:00,40,1,1.072
07/02/2020 18:00,42.08,1,1.095532319
07/02/2020 19:00,44,1,1.022727273
07/02/2020 20:00,44.01,1,1.022494888
07/02/2020 21:00,43.27,1,1
07/02/2020 22:00,41.75,1,1
07/02/2020 23:00,38.84,1,1
08/02/2020 00:00,41.03,0.690470388,1
08/02/2020 01:00,40,0.75225,1
08/02/2020 02:00,37.01,0.760875439,1
08/02/2020 03:00,34.69,0.838570193,1
08/02/2020 04:00,32.75,0.916641221,1
08/02/2020 05:00,33.3,1,1.100900901
08/02/2020 06:00,36.08,1,1.031042129
08/02/2020 07:00,35,1,1
08/02/2020 08:00,38.36,1,1.057351408
08/02/2020 09:00,40.13,1,1.096685771
08/02/2020 10:00,41.53,1,1.032988201
08/02/2020 11:00,41.07,1,1.045288532
08/02/2020 12:00,40.13,1,1.067779716
08/02/2020 13:00,40.38,1,1.044328876
08/02/2020 14:00,39.5,1,1.072911392
08/02/2020 15:00,38.4,1,1.044270833
08/02/2020 16:00,38.3,0.839686684,1
08/02/2020 17:00,40,1,1
08/02/2020 18:00,41.3,0.731234867,1
08/02/2020 19:00,43.01,1,1
08/02/2020 20:00,43.28,1,1.015711645
08/02/2020 21:00,43.01,1,1
08/02/2020 22:00,40.46,1,1.021008403
08/02/2020 23:00,38.59,1,1.048717284
09/02/2020 00:00,33.56,1,1.185935638
09/02/2020 01:00,30.76,0.864759428,1
09/02/2020 02:00,30,0.935666667,1
09/02/2020 03:00,27.8,1,1.108992806
09/02/2020 04:00,29.1,1,1.079037801
09/02/2020 05:00,29.1,1,1.085910653
09/02/2020 06:00,29.1,1,1.129209622
09/02/2020 07:00,29.1,1,1.085910653
09/02/2020 08:00,29.5,1,1.073559322
09/02/2020 09:00,32.1,1,1.128971963
09/02/2020 10:00,32.1,1,1.23364486
09/02/2020 11:00,30.5,1,1.301639344
09/02/2020 12:00,29.1,1,1.365979381
09/02/2020 13:00,29.5,1,1.254237288
09/02/2020 14:00,29.1,1,1.110996564
09/02/2020 15:00,25.01,1,1.199520192
09/02/2020 16:00,23.6,1,1.236016949
09/02/2020 17:00,25.2,1,1.282142857
09/02/2020 18:00,29.1,1,1.430584192
09/02/2020 19:00,34.05,1,1.183847283
09/02/2020 20:00,37.05,1,1.079892038
09/02/2020 21:00,36.3,1,1.118181818
09/02/2020 22:00,32.1,1,1.269781931
09/02/2020 23:00,29.1,1,1.33814433
10/02/2020 00:00,27.5,1,1.325090909
10/02/2020 01:00,25.31,1,1.378506519
10/02/2020 02:00,17.9,1,1.904469274
10/02/2020 03:00,16,1,2.1425
10/02/2020 04:00,16,1,2.13375
10/02/2020 05:00,24,1,1.47125
10/02/2020 06:00,28.5,1,1.212280702
10/02/2020 07:00,36.1,1,1.073961219
10/02/2020 08:00,36.59,0.751571468,1
10/02/2020 09:00,37.2,0.70188172,1
10/02/2020 10:00,34.51,0.536945813,1
10/02/2020 11:00,33.16,0.72225573,1
10/02/2020 12:00,32.51,1,1
10/02/2020 13:00,30,1,1
10/02/2020 14:00,29.01,0.275422268,1
10/02/2020 15:00,29.15,0.714922813,1
10/02/2020 16:00,29.3,0.777133106,1
10/02/2020 17:00,33.6,0.774404762,1
10/02/2020 18:00,37.3,0.727882038,1
10/02/2020 19:00,44.6,0.84058296,1
10/02/2020 20:00,48.05,0.624349636,1
10/02/2020 21:00,46.01,1,1
10/02/2020 22:00,37.61,1,1.172028716
10/02/2020 23:00,33.6,1,1.113690476
11/02/2020 00:00,40.68,0.761061947,1
11/02/2020 01:00,40,0.77225,1
11/02/2020 02:00,37,0.834054054,1
11/02/2020 03:00,37.05,0.822402159,1
11/02/2020 04:00,37.58,0.804683342,1
11/02/2020 05:00,40.2,0.766666667,1
11/02/2020 06:00,41.5,0.744337349,1
11/02/2020 07:00,42.26,0.743019404,1
11/02/2020 08:00,44.01,0.724835265,1
11/02/2020 09:00,44.1,0.73106576,1
11/02/2020 10:00,43.04,0.744423792,1
11/02/2020 11:00,41.89,0.769634758,1
11/02/2020 12:00,41.69,1,1.011513552
11/02/2020 13:00,41.69,1,1.031422403
11/02/2020 14:00,40.95,1,1.035164835
11/02/2020 15:00,40.95,1,1.017826618
11/02/2020 16:00,41.01,1,1.019019751
11/02/2020 17:00,41.5,1,1.038072289
11/02/2020 18:00,43.04,1,1.022769517
11/02/2020 19:00,47.51,0.634603241,1
11/02/2020 20:00,49.15,0.814242116,1
11/02/2020 21:00,47.98,1,1
11/02/2020 22:00,42,1,1.073809524
11/02/2020 23:00,40.95,1,1.031257631
12/02/2020 00:00,44.23,1,1.003843545
12/02/2020 01:00,43.01,1,1
12/02/2020 02:00,43.38,1,1.013370217
12/02/2020 03:00,42.78,1,1.028751753
12/02/2020 04:00,42.62,1,1.030971375
12/02/2020 05:00,42.43,1,1.036766439
12/02/2020 06:00,42.88,1,1
12/02/2020 07:00,44.62,0.699462125,1
12/02/2020 08:00,46.96,0.854131175,1
12/02/2020 09:00,48.05,0.854318418,1
12/02/2020 10:00,47.27,1,1
12/02/2020 11:00,46.46,1,1.023030564
12/02/2020 12:00,45.65,1,1.065936473
12/02/2020 13:00,45.45,1,1.026842684
12/02/2020 14:00,43.98,1,1.037289677
12/02/2020 15:00,43.38,1,1.066390041
12/02/2020 16:00,43,1,1.107906977
12/02/2020 17:00,43.39,1,1.102327725
12/02/2020 18:00,44.23,1,1.054487904
12/02/2020 19:00,46,1,1.054565217
12/02/2020 20:00,46.46,1,1.04563065
12/02/2020 21:00,44.68,1,1.008728738
12/02/2020 22:00,42.42,1,1.02970297
12/02/2020 23:00,39.46,1,1.107450583
13/02/2020 00:00,33.97,1,1.177509567
13/02/2020 01:00,35,1,1.130857143
13/02/2020 02:00,31.19,1,1.204873357
13/02/2020 03:00,31.11,1,1.121504339
13/02/2020 04:00,30.65,0.929200653,1
13/02/2020 05:00,31.19,0.903815325,1
13/02/2020 06:00,35.92,0.692928731,1
13/02/2020 07:00,39.61,0.695026508,1
13/02/2020 08:00,40.01,0.699825044,1
13/02/2020 09:00,41.35,1,1
13/02/2020 10:00,40.51,1,1.020241916
13/02/2020 11:00,39.95,1,1.040050063
13/02/2020 12:00,39.01,0.852601897,1
13/02/2020 13:00,38.39,1,1
13/02/2020 14:00,36.07,1,1.062655947
13/02/2020 15:00,36.31,1,1.017901405
13/02/2020 16:00,38.01,0.927650618,1
13/02/2020 17:00,39.56,0.853134479,1
13/02/2020 18:00,41.51,0.69501325,1
13/02/2020 19:00,45.45,0.665786579,1
13/02/2020 20:00,46.46,0.635385278,1
13/02/2020 21:00,45.95,0.572143634,1
13/02/2020 22:00,41.01,0.594976835,1
13/02/2020 23:00,39.31,0.662426863,1
14/02/2020 00:00,40.01,0.705823544,1
14/02/2020 01:00,40.2,0.713930348,1
14/02/2020 02:00,40.61,0.701797587,1
14/02/2020 03:00,40.2,0.71641791,1
14/02/2020 04:00,38.55,0.75849546,1
14/02/2020 05:00,40.61,1,1.011081015
14/02/2020 06:00,42.15,1,1.045314353
14/02/2020 07:00,42.6,1,1.071596244
14/02/2020 08:00,45.66,1,1.054752519
14/02/2020 09:00,45.05,1,1.101886792
14/02/2020 10:00,43,1,1.051162791
14/02/2020 11:00,41.14,1,1.146815751
14/02/2020 12:00,39.02,1,1.203485392
14/02/2020 13:00,40.13,1,1.220284077
14/02/2020 14:00,37.8,1,1.228571429
14/02/2020 15:00,37.23,1,1.176739189
14/02/2020 16:00,38.51,0.770449234,1
14/02/2020 17:00,40,0.74175,1
14/02/2020 18:00,42.62,0.701079305,1
14/02/2020 19:00,46.6,0.785407725,1
14/02/2020 20:00,47.43,0.793590555,1
14/02/2020 21:00,46.5,0.665376344,1
14/02/2020 22:00,43.17,1,1.011582117
14/02/2020 23:00,43,1,1.039069767
15/02/2020 00:00,41.35,1,1.058766626
15/02/2020 01:00,38.85,1,1.049420849
15/02/2020 02:00,36.01,1,1.237156345
15/02/2020 03:00,33.37,1,1.312556188
15/02/2020 04:00,36.01,1,1.179116912
15/02/2020 05:00,36.49,1,1.074815018
15/02/2020 06:00,36.49,0.761852562,1
15/02/2020 07:00,37.58,0.753060138,1
15/02/2020 08:00,37.58,1,1.19744545
15/02/2020 09:00,39.55,0.728192162,1
15/02/2020 10:00,38.5,1,1.168831169
15/02/2020 11:00,35.45,1,1.269393512
15/02/2020 12:00,30.76,1,1.24479844
15/02/2020 13:00,30.61,1,1.070891865
15/02/2020 14:00,29.1,0.896907216,1
15/02/2020 15:00,27.5,1,1
15/02/2020 16:00,27.5,1,1.353090909
15/02/2020 17:00,30.11,1,1.379940219
15/02/2020 18:00,36.31,1,1.274304599
15/02/2020 19:00,39.55,1,1.146396966
15/02/2020 20:00,39.55,1,1.140834387
15/02/2020 21:00,38.51,1,1.208776941
15/02/2020 22:00,36.79,1,1.220983963
15/02/2020 23:00,30.61,1,1.377327671
16/02/2020 00:00,28,1,1.487142857
16/02/2020 01:00,26.65,1,1.495309568
16/02/2020 02:00,25,1,1.4912
16/02/2020 03:00,25,1,1.4824
16/02/2020 04:00,21.99,1,1.618008186
16/02/2020 05:00,21.99,1,1.678035471
16/02/2020 06:00,24.03,1,1.322097378
16/02/2020 07:00,25,1,1.256
16/02/2020 08:00,25.49,1,1.258140447
16/02/2020 09:00,26.1,1,1.253256705
16/02/2020 10:00,26.49,1,1.332200831
16/02/2020 11:00,23,1,1.599130435
16/02/2020 12:00,18.15,1,1.972451791
16/02/2020 13:00,16.51,1,2.136886735
16/02/2020 14:00,18.55,1,1.840431267
16/02/2020 15:00,5.95,1,5.531092437
16/02/2020 16:00,5.1,0.409803922,1
16/02/2020 17:00,19.75,0.323544304,1
16/02/2020 18:00,26.8,0.563432836,1
16/02/2020 19:00,36.14,0.78389596,1
16/02/2020 20:00,37.58,1,1.076636509
16/02/2020 21:00,37.69,1,1.02918546
16/02/2020 22:00,36.49,1,1.078925733
16/02/2020 23:00,30.01,0.934021993,1
17/02/2020 00:00,31.69,1,1.143893973
17/02/2020 01:00,28.5,1,1
17/02/2020 02:00,28,0.981785714,1
17/02/2020 03:00,27,0.971481481,1
17/02/2020 04:00,27,0.976296296,1
17/02/2020 05:00,28.03,1,1
17/02/2020 06:00,35.6,1,1.071067416
17/02/2020 07:00,39.4,1,1.068020305
17/02/2020 08:00,42.2,1,1
17/02/2020 09:00,41.14,1,1.020904229
17/02/2020 10:00,40.2,1,1
17/02/2020 11:00,38.01,1,1
17/02/2020 12:00,37.39,1,1.176785237
17/02/2020 13:00,36.91,1,1.205635329
17/02/2020 14:00,35.78,1,1.089155953
17/02/2020 15:00,34.11,1,1.158018176
17/02/2020 16:00,35.77,1,1.081353089
17/02/2020 17:00,36.79,1,1.193259038
17/02/2020 18:00,36.79,1,1.235390052
17/02/2020 19:00,41.01,1,1.081931236
17/02/2020 20:00,43.4,1,1.052534562
17/02/2020 21:00,42.6,1,1.063849765
17/02/2020 22:00,38.1,1,1.167979003
17/02/2020 23:00,37.58,1,1.191325173
18/02/2020 00:00,34.19,1,1.203275812
18/02/2020 01:00,31.7,1,1.161514196
18/02/2020 02:00,34.35,1,1.134206696
18/02/2020 03:00,33.38,1,1.10215698
18/02/2020 04:00,31.7,1,1.176025237
18/02/2020 05:00,33.5,1,1.264776119
18/02/2020 06:00,31.69,1,1.262227832
18/02/2020 07:00,38,1,1
18/02/2020 08:00,41.55,0.818291215,1
18/02/2020 09:00,41.55,0.818291215,1
18/02/2020 10:00,41.55,0.818291215,1
18/02/2020 11:00,39.02,1,1.122501281
18/02/2020 12:00,40,1,1.11
18/02/2020 13:00,41.17,1,1.072139908
18/02/2020 14:00,39,1,1.128717949
18/02/2020 15:00,39.8,1,1.108040201
18/02/2020 16:00,39.52,1,1.123481781
18/02/2020 17:00,39.79,1,1.10505152
18/02/2020 18:00,41.55,0.796871239,1
18/02/2020 19:00,42.06,0.784593438,1
18/02/2020 20:00,43.5,0.807126437,1
18/02/2020 21:00,41.69,0.77980331,1
18/02/2020 22:00,39.8,0.845979899,1
18/02/2020 23:00,37.47,0.800640512,1
19/02/2020 00:00,41.56,0.721847931,1
19/02/2020 01:00,40,1,1
19/02/2020 02:00,37.58,0.774614156,1
19/02/2020 03:00,37.58,1,1.148749335
19/02/2020 04:00,37.58,1,1.134379989
19/02/2020 05:00,40,1,1.08925
19/02/2020 06:00,42.01,1,1.032135206
19/02/2020 07:00,43.51,1,1.104113997
19/02/2020 08:00,43.15,0.741599073,1
19/02/2020 09:00,43.35,0.768627451,1
19/02/2020 10:00,43.02,1,1
19/02/2020 11:00,42.77,1,1.040448913
19/02/2020 12:00,42.35,1,1
19/02/2020 13:00,42.69,1,1.032794565
19/02/2020 14:00,42.01,1,1
19/02/2020 15:00,42.57,0.657740193,1
19/02/2020 16:00,42.77,0.67781155,1
19/02/2020 17:00,42.81,0.758934828,1
19/02/2020 18:00,44.65,0.739081747,1
19/02/2020 19:00,48.01,0.810039575,1
19/02/2020 20:00,50.33,0.762765746,1
19/02/2020 21:00,47.75,0.774659686,1
19/02/2020 22:00,44.55,1,1.01010101
19/02/2020 23:00,43.52,0.695772059,1
20/02/2020 00:00,43.01,0.742617996,1
20/02/2020 01:00,41.06,0.702386751,1
20/02/2020 02:00,40.2,0.708706468,1
20/02/2020 03:00,37.99,0.752040011,1
20/02/2020 04:00,37.22,0.771090811,1
20/02/2020 05:00,39.01,1,1.102281466
20/02/2020 06:00,39.06,0.726830517,1
20/02/2020 07:00,42.37,0.822751947,1
20/02/2020 08:00,44.81,1,1
20/02/2020 09:00,44.81,1,1
20/02/2020 10:00,43.69,0.604943923,1
20/02/2020 11:00,42.37,0.684446542,1
20/02/2020 12:00,42.77,1,1.043956044
20/02/2020 13:00,42.36,1,1.137157696
20/02/2020 14:00,42.01,0.693882409,1
20/02/2020 15:00,42.07,1,1.111005467
20/02/2020 16:00,42.77,1,1.05213935
20/02/2020 17:00,43.69,1,1.080567636
20/02/2020 18:00,44.65,1,1.13549832
20/02/2020 19:00,47.3,1,1.073572939
20/02/2020 20:00,47.66,1,1.057910197
20/02/2020 21:00,45.01,1,1.095756499
20/02/2020 22:00,43.61,1,1.102728732
20/02/2020 23:00,41.19,1,1.101966497
21/02/2020 00:00,33.18,0.914104882,1
21/02/2020 01:00,31.5,1,1.193015873
21/02/2020 02:00,30.19,1,1.24113945
21/02/2020 03:00,29.95,1,1.256093489
21/02/2020 04:00,30,1,1.252666667
21/02/2020 05:00,31.51,1,1.299904792
21/02/2020 06:00,35.75,1,1.203916084
21/02/2020 07:00,40.25,1,1.185590062
21/02/2020 08:00,40.75,1,1.204171779
21/02/2020 09:00,41.66,1,1.140902544
21/02/2020 10:00,41,0.736585366,1
21/02/2020 11:00,40.75,0.836319018,1
21/02/2020 12:00,39.75,0.761761006,1
21/02/2020 13:00,39.25,0.779617834,1
21/02/2020 14:00,38.62,0.789746245,1
21/02/2020 15:00,38.43,0.802758262,1
21/02/2020 16:00,38.62,0.788710513,1
21/02/2020 17:00,41,0.743414634,1
21/02/2020 18:00,44.51,0.685014603,1
21/02/2020 19:00,49.08,0.809494703,1
21/02/2020 20:00,50.24,1,1
21/02/2020 21:00,48.84,1,1
21/02/2020 22:00,45.5,1,1.055824176
21/02/2020 23:00,42.55,1,1.057109283
22/02/2020 00:00,42.02,1,1.094954783
22/02/2020 01:00,40.12,1,1.043619143
22/02/2020 02:00,38.35,0.869621904,1
22/02/2020 03:00,38.5,1,1
22/02/2020 04:00,38.35,1,1
22/02/2020 05:00,38.51,0.784471566,1
22/02/2020 06:00,37.29,0.822740681,1
22/02/2020 07:00,38.1,0.792650919,1
22/02/2020 08:00,39.1,0.769820972,1
22/02/2020 09:00,39.42,0.761288686,1
22/02/2020 10:00,39.96,0.728728729,1
22/02/2020 11:00,39,0.774358974,1
22/02/2020 12:00,38.01,0.802420416,1
22/02/2020 13:00,37.85,0.797886394,1
22/02/2020 14:00,37.47,0.797704831,1
22/02/2020 15:00,36.85,1,1
22/02/2020 16:00,36.85,1,1
22/02/2020 17:00,37.9,0.796833773,1
22/02/2020 18:00,39.59,0.725435716,1
22/02/2020 19:00,44.51,0.685239272,1
22/02/2020 20:00,46.5,1,1.05483871
22/02/2020 21:00,45.01,0.677627194,1
22/02/2020 22:00,42.6,0.713380282,1
22/02/2020 23:00,41.5,1,1
23/02/2020 00:00,38.01,1,1.131281242
23/02/2020 01:00,38.01,1,1.163378058
23/02/2020 02:00,36.69,1,1.193785773
23/02/2020 03:00,35.75,1,1.268811189
23/02/2020 04:00,35.48,1,1.262683202
23/02/2020 05:00,35.25,1,1.296737589
23/02/2020 06:00,35,1,1.352285714
23/02/2020 07:00,35,1,1.335714286
23/02/2020 08:00,33.62,1,1.265615705
23/02/2020 09:00,32.51,1,1.29344817
23/02/2020 10:00,32.05,0.823712949,1
23/02/2020 11:00,31.15,0.937399679,1
23/02/2020 12:00,31.85,0.888854003,1
23/02/2020 13:00,32.05,0.904212168,1
23/02/2020 14:00,31.15,0.930658106,1
23/02/2020 15:00,30.15,0.975456053,1
23/02/2020 16:00,30.01,0.90703099,1
23/02/2020 17:00,32.15,0.833903577,1
23/02/2020 18:00,37.51,0.702479339,1
23/02/2020 19:00,45.5,0.615824176,1
23/02/2020 20:00,48.38,0.682100041,1
23/02/2020 21:00,48.36,0.803349876,1
23/02/2020 22:00,47.01,0.636034886,1
23/02/2020 23:00,42.8,0.901401869,1
24/02/2020 00:00,42.07,1,1.045875921
24/02/2020 01:00,40.51,1,1.086151568
24/02/2020 02:00,40.63,1,1.034949545
24/02/2020 03:00,39.88,1,1
24/02/2020 04:00,39.46,1,1.060314242
24/02/2020 05:00,39.38,1,1.091670899
24/02/2020 06:00,41.88,0.673352436,1
24/02/2020 07:00,45.44,0.620598592,1
24/02/2020 08:00,47.2,0.731144068,1
24/02/2020 09:00,46.02,0.622772708,1
24/02/2020 10:00,43.53,0.643234551,1
24/02/2020 11:00,42.11,0.659225837,1
24/02/2020 12:00,41.29,0.682974086,1
24/02/2020 13:00,39.63,0.715367146,1
24/02/2020 14:00,39.63,0.710320464,1
24/02/2020 15:00,37.72,0.727730647,1
24/02/2020 16:00,39.33,0.675311467,1
24/02/2020 17:00,40.63,0.655427024,1
24/02/2020 18:00,41.8,0.640430622,1
24/02/2020 19:00,44.73,0.651687905,1
24/02/2020 20:00,46.26,1,1
24/02/2020 21:00,44,0.669090909,1
24/02/2020 22:00,40.63,0.673394044,1
24/02/2020 23:00,35,0.761714286,1
25/02/2020 00:00,33.13,1,1.15937217
25/02/2020 01:00,31.75,1,1.17480315
25/02/2020 02:00,29.4,1,1.330952381
25/02/2020 03:00,28.03,1,1.36603639
25/02/2020 04:00,25.97,1,1.431651906
25/02/2020 05:00,26.47,1,1.419720438
25/02/2020 06:00,29.55,0.721150592,1
25/02/2020 07:00,32.77,0.784253891,1
25/02/2020 08:00,37,0.69972973,1
25/02/2020 09:00,38.1,0.637270341,1
25/02/2020 10:00,33.77,1,1.217944922
25/02/2020 11:00,34.63,1,1.1608432
25/02/2020 12:00,33.35,1,1.194302849
25/02/2020 13:00,33.13,0.680048295,1
25/02/2020 14:00,29.61,0.756163458,1
25/02/2020 15:00,28.3,1,1.233215548
25/02/2020 16:00,27,1,1.318518519
25/02/2020 17:00,29.71,1,1.197239987
25/02/2020 18:00,36.02,1,1.158523043
25/02/2020 19:00,39.94,0.640460691,1
25/02/2020 20:00,41.82,0.657580105,1
25/02/2020 21:00,40.68,0.625368732,1
25/02/2020 22:00,33.68,0.756235154,1
25/02/2020 23:00,33.01,0.749772796,1
26/02/2020 00:00,27.55,0.929945554,1
26/02/2020 01:00,25.9,1,1.212355212
26/02/2020 02:00,24.9,0.806827309,1
26/02/2020 03:00,24.48,0.742238562,1
26/02/2020 04:00,24.48,0.75122549,1
26/02/2020 05:00,25.01,0.93682527,1
26/02/2020 06:00,31.24,0.799615877,1
26/02/2020 07:00,34.54,0.764041691,1
26/02/2020 08:00,37.64,0.702709883,1
26/02/2020 09:00,37.01,0.947311537,1
26/02/2020 10:00,34.02,1,1
26/02/2020 11:00,33.13,1,1
26/02/2020 12:00,32.1,1,1.170716511
26/02/2020 13:00,30.45,1,1.144827586
26/02/2020 14:00,28.14,0.808457711,1
26/02/2020 15:00,27.61,0.805143064,1
26/02/2020 16:00,28.21,0.862814605,1
26/02/2020 17:00,30.82,0.799480857,1
26/02/2020 18:00,35.71,0.62391487,1
26/02/2020 19:00,42.17,0.613943562,1
26/02/2020 20:00,41.75,0.788742515,1
26/02/2020 21:00,41.31,1,1.005567659
26/02/2020 22:00,35.51,0.727400732,1
26/02/2020 23:00,33.68,1,1.135095012
27/02/2020 00:00,32.07,1,1.145618959
27/02/2020 01:00,28.54,1,1.130693763
27/02/2020 02:00,27.04,0.727810651,1
27/02/2020 03:00,25.17,0.787048073,1
27/02/2020 04:00,25.45,1,1.26719057
27/02/2020 05:00,28.81,1,1.301631378
27/02/2020 06:00,33,1,1.212121212
27/02/2020 07:00,34.63,1,1.082587352
27/02/2020 08:00,35.01,0.67980577,1
27/02/2020 09:00,34.67,0.615517739,1
27/02/2020 10:00,33.37,0.483667965,1
27/02/2020 11:00,32,0.7465625,1
27/02/2020 12:00,30,0.788,1
27/02/2020 13:00,25.58,1,1.36825645
27/02/2020 14:00,22,1,1.238636364
27/02/2020 15:00,20.87,0.766650695,1
27/02/2020 16:00,23.07,1,1.127004768
27/02/2020 17:00,28.88,1,1.291551247
27/02/2020 18:00,33.13,1,1.519770601
27/02/2020 19:00,41.23,0.703371332,1
27/02/2020 20:00,39.13,1,1
27/02/2020 21:00,35.68,0.714686099,1
27/02/2020 22:00,33.77,0.709209357,1
27/02/2020 23:00,31.77,0.753226314,1
28/02/2020 00:00,30,0.788,1
28/02/2020 01:00,30.88,0.77007772,1
28/02/2020 02:00,30.01,0.792735755,1
28/02/2020 03:00,30.88,0.764896373,1
28/02/2020 04:00,32.44,0.741368681,1
28/02/2020 05:00,32.14,0.749844431,1
28/02/2020 06:00,35.01,0.695515567,1
28/02/2020 07:00,40.74,0.645066274,1
28/02/2020 08:00,43.88,0.671148587,1
28/02/2020 09:00,40.12,0.678713858,1
28/02/2020 10:00,37.81,0.736577625,1
28/02/2020 11:00,37.2,0.763978495,1
28/02/2020 12:00,35.71,1,1
28/02/2020 13:00,35.01,0.748643245,1
28/02/2020 14:00,30.95,1,1.18901454
28/02/2020 15:00,31.03,0.848855946,1
28/02/2020 16:00,31.51,0.821643923,1
28/02/2020 17:00,33.38,0.740263631,1
28/02/2020 18:00,34.51,1,1.306867575
28/02/2020 19:00,35.34,0.697509904,1
28/02/2020 20:00,34.94,0.752146537,1
28/02/2020 21:00,34.97,0.697454961,1
28/02/2020 22:00,29.01,0.696311617,1
28/02/2020 23:00,26.5,0.13509434,1
29/02/2020 00:00,20.01,0.899550225,1
29/02/2020 01:00,16.75,1,2.179104478
29/02/2020 02:00,13.71,1,2.658643326
29/02/2020 03:00,12,1,2.938333333
29/02/2020 04:00,9.6,1,3.440625
29/02/2020 05:00,9.04,1,3.32079646
29/02/2020 06:00,10.6,1,2.358490566
29/02/2020 07:00,14.21,0.673469388,1
29/02/2020 08:00,14.91,1,2.079141516
29/02/2020 09:00,17,1,1.792941176
29/02/2020 10:00,16.75,1,2.209552239
29/02/2020 11:00,16.5,1,1.764242424
29/02/2020 12:00,16.75,1,1.565970149
29/02/2020 13:00,15.99,1,1.998123827
29/02/2020 14:00,15,1,2.078666667
29/02/2020 15:00,14.75,1,2.149152542
29/02/2020 16:00,15,1,1.346666667
29/02/2020 17:00,19.36,1,1.599173554
29/02/2020 18:00,20.81,1,1.776069198
29/02/2020 19:00,24.03,1,1.377028714
29/02/2020 20:00,22.35,0.919910515,1
29/02/2020 21:00,21.86,0.908508692,1
29/02/2020 22:00,21,1,1
29/02/2020 23:00,20.3,0.42364532,1
